INITIALIZATIONCREATE TABLE NULL_TABLE(ID INT, NUM INT NULL, PRICE FLOAT NOT NULL, BIRTHDAY DATE NULL);SUCCESSCREATE TABLE NULL_TABLE2(ID INT, NUM INT NULL, PRICE FLOAT NOT NULL, BIRTHDAY DATE NULL);SUCCESSCREATE INDEX INDEX_NUM ON NULL_TABLE(NUM);SUCCESS1. INSERTINSERT INTO NULL_TABLE VALUES (1, 18, 10.0, '2020-01-01');SUCCESSINSERT INTO NULL_TABLE VALUES (2, NULL, 20.0, '2010-01-11');SUCCESSINSERT INTO NULL_TABLE VALUES (3, 12, 30.0, NULL);SUCCESSINSERT INTO NULL_TABLE VALUES (4, 15, 30.0, '2021-01-31');SUCCESSINSERT INTO NULL_TABLE2 VALUES (1, 18, 30.0, '2021-01-31');SUCCESSINSERT INTO NULL_TABLE2 VALUES (2, NULL, 40.0, NULL);SUCCESSINSERT INTO NULL_TABLE VALUES (5, 15, NULL, '2021-01-31');FAILUREINSERT INTO NULL_TABLE VALUES (NULL, 15, 30.0, '2021-01-31');FAILURE2. SELECTSELECT * FROM NULL_TABLE;1 | 18 | 10 | 2020-01-012 | NULL | 20 | 2010-01-113 | 12 | 30 | NULL4 | 15 | 30 | 2021-01-31ID | NUM | PRICE | BIRTHDAY3. SELECT WITH CONSTANTSELECT * FROM NULL_TABLE WHERE 1 IS NULL;ID | NUM | PRICE | BIRTHDAYSELECT * FROM NULL_TABLE WHERE 1 IS NOT NULL;1 | 18 | 10 | 2020-01-012 | NULL | 20 | 2010-01-113 | 12 | 30 | NULL4 | 15 | 30 | 2021-01-31ID | NUM | PRICE | BIRTHDAYSELECT * FROM NULL_TABLE WHERE NULL=1;ID | NUM | PRICE | BIRTHDAYSELECT * FROM NULL_TABLE WHERE 1=NULL;ID | NUM | PRICE | BIRTHDAYSELECT * FROM NULL_TABLE WHERE 1<>NULL;ID | NUM | PRICE | BIRTHDAYSELECT * FROM NULL_TABLE WHERE 1<NULL;ID | NUM | PRICE | BIRTHDAYSELECT * FROM NULL_TABLE WHERE 1>NULL;ID | NUM | PRICE | BIRTHDAYSELECT * FROM NULL_TABLE WHERE NULL IS NULL;1 | 18 | 10 | 2020-01-012 | NULL | 20 | 2010-01-113 | 12 | 30 | NULL4 | 15 | 30 | 2021-01-31ID | NUM | PRICE | BIRTHDAYSELECT * FROM NULL_TABLE WHERE NULL IS NOT NULL;ID | NUM | PRICE | BIRTHDAYSELECT * FROM NULL_TABLE WHERE NULL=NULL;ID | NUM | PRICE | BIRTHDAYSELECT * FROM NULL_TABLE WHERE NULL<>NULL;ID | NUM | PRICE | BIRTHDAYSELECT * FROM NULL_TABLE WHERE NULL>NULL;ID | NUM | PRICE | BIRTHDAYSELECT * FROM NULL_TABLE WHERE NULL<NULL;ID | NUM | PRICE | BIRTHDAYSELECT * FROM NULL_TABLE WHERE 'A' IS NULL;ID | NUM | PRICE | BIRTHDAYSELECT * FROM NULL_TABLE WHERE 'A' IS NOT NULL;1 | 18 | 10 | 2020-01-012 | NULL | 20 | 2010-01-113 | 12 | 30 | NULL4 | 15 | 30 | 2021-01-31ID | NUM | PRICE | BIRTHDAYSELECT * FROM NULL_TABLE WHERE NULL='A';ID | NUM | PRICE | BIRTHDAYSELECT * FROM NULL_TABLE WHERE 'A'=NULL;ID | NUM | PRICE | BIRTHDAYSELECT * FROM NULL_TABLE WHERE 'A'<>NULL;ID | NUM | PRICE | BIRTHDAYSELECT * FROM NULL_TABLE WHERE 'A'>NULL;ID | NUM | PRICE | BIRTHDAYSELECT * FROM NULL_TABLE WHERE 'A'<NULL;ID | NUM | PRICE | BIRTHDAYSELECT * FROM NULL_TABLE WHERE '2021-01-31' IS NULL;ID | NUM | PRICE | BIRTHDAYSELECT * FROM NULL_TABLE WHERE '2021-01-31' IS NOT NULL;1 | 18 | 10 | 2020-01-012 | NULL | 20 | 2010-01-113 | 12 | 30 | NULL4 | 15 | 30 | 2021-01-31ID | NUM | PRICE | BIRTHDAYSELECT * FROM NULL_TABLE WHERE NULL='2021-01-31';ID | NUM | PRICE | BIRTHDAYSELECT * FROM NULL_TABLE WHERE '2021-01-31'=NULL;ID | NUM | PRICE | BIRTHDAYSELECT * FROM NULL_TABLE WHERE '2021-01-31'>NULL;ID | NUM | PRICE | BIRTHDAYSELECT * FROM NULL_TABLE WHERE '2021-01-31'<NULL;ID | NUM | PRICE | BIRTHDAY4. SELECT WITH COLUMNSELECT * FROM NULL_TABLE WHERE BIRTHDAY IS NOT NULL;1 | 18 | 10 | 2020-01-012 | NULL | 20 | 2010-01-114 | 15 | 30 | 2021-01-31ID | NUM | PRICE | BIRTHDAYSELECT * FROM NULL_TABLE WHERE BIRTHDAY IS NULL;3 | 12 | 30 | NULLID | NUM | PRICE | BIRTHDAYSELECT * FROM NULL_TABLE WHERE BIRTHDAY = NULL;ID | NUM | PRICE | BIRTHDAYSELECT * FROM NULL_TABLE WHERE NULL = BIRTHDAY;ID | NUM | PRICE | BIRTHDAYSELECT * FROM NULL_TABLE WHERE BIRTHDAY <> NULL;ID | NUM | PRICE | BIRTHDAYSELECT * FROM NULL_TABLE WHERE BIRTHDAY > NULL;ID | NUM | PRICE | BIRTHDAYSELECT * FROM NULL_TABLE WHERE BIRTHDAY < NULL;ID | NUM | PRICE | BIRTHDAYSELECT * FROM NULL_TABLE WHERE NUM IS NOT NULL;1 | 18 | 10 | 2020-01-013 | 12 | 30 | NULL4 | 15 | 30 | 2021-01-31ID | NUM | PRICE | BIRTHDAYSELECT * FROM NULL_TABLE WHERE NUM IS NULL;2 | NULL | 20 | 2010-01-11ID | NUM | PRICE | BIRTHDAYSELECT * FROM NULL_TABLE WHERE NUM = NULL;ID | NUM | PRICE | BIRTHDAYSELECT * FROM NULL_TABLE WHERE NULL = NUM;ID | NUM | PRICE | BIRTHDAYSELECT * FROM NULL_TABLE WHERE NUM <> NULL;ID | NUM | PRICE | BIRTHDAYSELECT * FROM NULL_TABLE WHERE NUM > NULL;ID | NUM | PRICE | BIRTHDAYSELECT * FROM NULL_TABLE WHERE NUM < NULL;ID | NUM | PRICE | BIRTHDAYSELECT NULL_TABLE.NUM,NULL_TABLE2.NUM,NULL_TABLE.BIRTHDAY FROM NULL_TABLE,NULL_TABLE2 WHERE NULL_TABLE.NUM=NULL_TABLE2.NUM;18 | 18 | 2020-01-01NULL_TABLE.NUM | NULL_TABLE2.NUM | NULL_TABLE.BIRTHDAY5. AGGREGATIONSELECT COUNT(*) FROM NULL_TABLE;COUNT(*)4SELECT COUNT(PRICE) FROM NULL_TABLE;COUNT(PRICE)4SELECT COUNT(BIRTHDAY) FROM NULL_TABLE;COUNT(BIRTHDAY)3SELECT AVG(NUM) FROM NULL_TABLE;AVG(NUM)156. AGGREGATION WITH NULL COLUMNSCREATE TABLE NULL_TABLE3(ID INT, NUM INT NULL);SUCCESSINSERT INTO NULL_TABLE3 VALUES (1, NULL);SUCCESSINSERT INTO NULL_TABLE3 VALUES (2, NULL);SUCCESSSELECT COUNT(NUM) FROM NULL_TABLE3;COUNT(NUM)0SELECT MIN(NUM) FROM NULL_TABLE3;MIN(NUM)NULLSELECT MAX(NUM) FROM NULL_TABLE3;MAX(NUM)NULLSELECT AVG(NUM) FROM NULL_TABLE3;AVG(NUM)NULL