1. CREATE TABLE
CREATE TABLE T_ORDER_BY(ID INT, SCORE FLOAT, NAME CHAR);
SUCCESS
CREATE TABLE T_ORDER_BY_2(ID INT, AGE INT);
SUCCESS

2. INSERT RECORDS
INSERT INTO T_ORDER_BY VALUES(3, 1.0, 'A');
SUCCESS
INSERT INTO T_ORDER_BY VALUES(1, 2.0, 'B');
SUCCESS
INSERT INTO T_ORDER_BY VALUES(4, 3.0, 'C');
SUCCESS
INSERT INTO T_ORDER_BY VALUES(3, 2.0, 'C');
SUCCESS
INSERT INTO T_ORDER_BY VALUES(3, 4.0, 'C');
SUCCESS
INSERT INTO T_ORDER_BY VALUES(3, 3.0, 'D');
SUCCESS
INSERT INTO T_ORDER_BY VALUES(3, 2.0, 'F');
SUCCESS

INSERT INTO T_ORDER_BY_2 VALUES(1, 10);
SUCCESS
INSERT INTO T_ORDER_BY_2 VALUES(2, 20);
SUCCESS
INSERT INTO T_ORDER_BY_2 VALUES(3, 10);
SUCCESS
INSERT INTO T_ORDER_BY_2 VALUES(3, 20);
SUCCESS
INSERT INTO T_ORDER_BY_2 VALUES(3, 40);
SUCCESS
INSERT INTO T_ORDER_BY_2 VALUES(4, 20);
SUCCESS

3. PRIMARY ORDER BY
SELECT * FROM T_ORDER_BY ORDER BY ID;
1 | 2 | B
3 | 1 | A
3 | 2 | C
3 | 2 | F
3 | 3 | D
3 | 4 | C
4 | 3 | C
ID | SCORE | NAME

SELECT * FROM T_ORDER_BY ORDER BY ID ASC;
1 | 2 | B
3 | 1 | A
3 | 2 | C
3 | 2 | F
3 | 3 | D
3 | 4 | C
4 | 3 | C
ID | SCORE | NAME

SELECT * FROM T_ORDER_BY ORDER BY ID DESC;
1 | 2 | B
3 | 1 | A
3 | 2 | C
3 | 2 | F
3 | 3 | D
3 | 4 | C
4 | 3 | C
ID | SCORE | NAME

SELECT * FROM T_ORDER_BY ORDER BY SCORE DESC;
1 | 2 | B
3 | 1 | A
3 | 2 | C
3 | 2 | F
3 | 3 | D
3 | 4 | C
4 | 3 | C
ID | SCORE | NAME

SELECT * FROM T_ORDER_BY ORDER BY NAME DESC;
1 | 2 | B
3 | 1 | A
3 | 2 | C
3 | 2 | F
3 | 3 | D
3 | 4 | C
4 | 3 | C
ID | SCORE | NAME

4. ORDER BY MORE THAN ONE FIELDS
SELECT * FROM T_ORDER_BY ORDER BY ID, SCORE, NAME;
ID | SCORE | NAME
1 | 2 | B
3 | 1 | A
3 | 2 | C
3 | 2 | F
3 | 3 | D
3 | 4 | C
4 | 3 | C

SELECT * FROM T_ORDER_BY ORDER BY ID DESC, SCORE ASC, NAME DESC;
ID | SCORE | NAME
4 | 3 | C
3 | 1 | A
3 | 2 | F
3 | 2 | C
3 | 3 | D
3 | 4 | C
1 | 2 | B

5. ORDER BY ASSOCIATE WITH WHERE CONDITION
SELECT * FROM T_ORDER_BY WHERE ID=3 AND NAME>='A' ORDER BY SCORE DESC, NAME;
ID | SCORE | NAME
3 | 4 | C
3 | 3 | D
3 | 2 | C
3 | 2 | F
3 | 1 | A

6. MULTI-TABLE ORDER BY
SELECT * FROM T_ORDER_BY,T_ORDER_BY_2 ORDER BY T_ORDER_BY.ID,T_ORDER_BY.SCORE,T_ORDER_BY.NAME,T_ORDER_BY_2.ID,T_ORDER_BY_2.AGE;
T_ORDER_BY.ID | T_ORDER_BY.SCORE | T_ORDER_BY.NAME | T_ORDER_BY_2.ID | T_ORDER_BY_2.AGE
1 | 2 | B | 1 | 10
1 | 2 | B | 2 | 20
1 | 2 | B | 3 | 10
1 | 2 | B | 3 | 20
1 | 2 | B | 3 | 40
1 | 2 | B | 4 | 20
3 | 1 | A | 1 | 10
3 | 1 | A | 2 | 20
3 | 1 | A | 3 | 10
3 | 1 | A | 3 | 20
3 | 1 | A | 3 | 40
3 | 1 | A | 4 | 20
3 | 2 | C | 1 | 10
3 | 2 | C | 2 | 20
3 | 2 | C | 3 | 10
3 | 2 | C | 3 | 20
3 | 2 | C | 3 | 40
3 | 2 | C | 4 | 20
3 | 2 | F | 1 | 10
3 | 2 | F | 2 | 20
3 | 2 | F | 3 | 10
3 | 2 | F | 3 | 20
3 | 2 | F | 3 | 40
3 | 2 | F | 4 | 20
3 | 3 | D | 1 | 10
3 | 3 | D | 2 | 20
3 | 3 | D | 3 | 10
3 | 3 | D | 3 | 20
3 | 3 | D | 3 | 40
3 | 3 | D | 4 | 20
3 | 4 | C | 1 | 10
3 | 4 | C | 2 | 20
3 | 4 | C | 3 | 10
3 | 4 | C | 3 | 20
3 | 4 | C | 3 | 40
3 | 4 | C | 4 | 20
4 | 3 | C | 1 | 10
4 | 3 | C | 2 | 20
4 | 3 | C | 3 | 10
4 | 3 | C | 3 | 20
4 | 3 | C | 3 | 40
4 | 3 | C | 4 | 20

SELECT * FROM T_ORDER_BY, T_ORDER_BY_2 WHERE T_ORDER_BY.ID=T_ORDER_BY_2.ID ORDER BY T_ORDER_BY.SCORE DESC, T_ORDER_BY_2.AGE ASC, T_ORDER_BY.ID ASC, T_ORDER_BY.NAME;
T_ORDER_BY.ID | T_ORDER_BY.SCORE | T_ORDER_BY.NAME | T_ORDER_BY_2.ID | T_ORDER_BY_2.AGE
3 | 4 | C | 3 | 10
3 | 4 | C | 3 | 20
3 | 4 | C | 3 | 40
3 | 3 | D | 3 | 10
3 | 3 | D | 3 | 20
4 | 3 | C | 4 | 20
3 | 3 | D | 3 | 40
1 | 2 | B | 1 | 10
3 | 2 | C | 3 | 10
3 | 2 | F | 3 | 10
3 | 2 | C | 3 | 20
3 | 2 | F | 3 | 20
3 | 2 | C | 3 | 40
3 | 2 | F | 3 | 40
3 | 1 | A | 3 | 10
3 | 1 | A | 3 | 20
3 | 1 | A | 3 | 40
