INITIALIZATION
CREATE TABLE INSERT_TABLE(ID INT, T_NAME CHAR, COL1 INT, COL2 INT);
SUCCESS

1. INSERT
INSERT INTO INSERT_TABLE VALUES (1,'N1',1,1);
SUCCESS
INSERT INTO INSERT_TABLE VALUES (2,'N2',1,1),(3,'N3',2,1);
SUCCESS

2. ERROR
INSERT INTO INSERT_TABLE VALUES (4,'N4',1,1),(1,1,1);
FAILURE
INSERT INTO INSERT_TABLE VALUES (4,'N4',1,1),(1,1,1,1);
SUCCESS

3. SELECT
SELECT * FROM INSERT_TABLE;
1 | 1 | 1 | 1
1 | N1 | 1 | 1
2 | N2 | 1 | 1
3 | N3 | 2 | 1
4 | N4 | 1 | 1
ID | T_NAME | COL1 | COL2
