INITIALIZATION
CREATE TABLE EXP_TABLE(ID INT, COL1 INT, COL2 INT, COL3 FLOAT, COL4 FLOAT);
SUCCESS
INSERT INTO EXP_TABLE VALUES (1, 1, 1, 1.0, 1.5);
SUCCESS
INSERT INTO EXP_TABLE VALUES (2, 2, -2, 5.5, 1.0);
SUCCESS
INSERT INTO EXP_TABLE VALUES (3, 3, 4, 5.0, 4.0);
SUCCESS

1. SELECT
SELECT * FROM EXP_TABLE WHERE 1 = 5/4;
ID | COL1 | COL2 | COL3 | COL4
SELECT * FROM EXP_TABLE WHERE COL1-2 > 0;
3 | 3 | 4 | 5 | 4
ID | COL1 | COL2 | COL3 | COL4
SELECT * FROM EXP_TABLE WHERE 2+COL2 < 1;
2 | 2 | -2 | 5.5 | 1
ID | COL1 | COL2 | COL3 | COL4
SELECT * FROM EXP_TABLE WHERE COL1*COL2 < 0;
2 | 2 | -2 | 5.5 | 1
ID | COL1 | COL2 | COL3 | COL4

SELECT * FROM EXP_TABLE WHERE 5/4 = 1;
ID | COL1 | COL2 | COL3 | COL4
SELECT * FROM EXP_TABLE WHERE 0 < COL1-2;
3 | 3 | 4 | 5 | 4
ID | COL1 | COL2 | COL3 | COL4
SELECT * FROM EXP_TABLE WHERE 1.0 > 2+COL2;
2 | 2 | -2 | 5.5 | 1
ID | COL1 | COL2 | COL3 | COL4
SELECT * FROM EXP_TABLE WHERE -0 < COL1-COL2;
2 | 2 | -2 | 5.5 | 1
ID | COL1 | COL2 | COL3 | COL4
SELECT * FROM EXP_TABLE WHERE 0 < -2+COL1;
3 | 3 | 4 | 5 | 4
ID | COL1 | COL2 | COL3 | COL4

SELECT * FROM EXP_TABLE WHERE 1+1 = 2*1.0;
1 | 1 | 1 | 1 | 1.5
2 | 2 | -2 | 5.5 | 1
3 | 3 | 4 | 5 | 4
ID | COL1 | COL2 | COL3 | COL4
SELECT * FROM EXP_TABLE WHERE 5/4*8 < 4+COL2*COL3/2;
3 | 3 | 4 | 5 | 4
ID | COL1 | COL2 | COL3 | COL4
SELECT * FROM EXP_TABLE WHERE 5/4*8 < (4+COL2)*COL3/2;
3 | 3 | 4 | 5 | 4
ID | COL1 | COL2 | COL3 | COL4

SELECT ID,-(COL2*(-1)+1)+(COL4+2)*(COL1+COL3*2),(4+COL2)*COL3/2 FROM EXP_TABLE WHERE -(COL2*(-1)+1)+(COL4+2)*(COL1+COL3*2) > (4+COL2)*COL3/2;
1 | 10.5 | 2.5
2 | 36 | 5.5
3 | 81 | 20
ID | -(COL2*(-1)+1)+(COL4+2)*(COL1+COL3*2) | (4+COL2)*COL3/2
SELECT ID,COL1,COL2,COL3,COL4,6-(COL2*(1+COL1))+(COL4+2)/(1+COL1*4+COL3*2) FROM EXP_TABLE WHERE 6-(COL2*(1+COL1))+(COL4+2)/(1+COL1*4+COL3*2) > 5;
2 | 2 | -2 | 5.5 | 1 | 12.15
ID | COL1 | COL2 | COL3 | COL4 | 6-(COL2*(1+COL1))+(COL4+2)/(1+COL1*4+COL3*2)
SELECT ID,COL1,COL2,COL3,COL4,3*COL1/(COL2+2) FROM EXP_TABLE WHERE 3*COL1/(COL2+2) > 1;
3 | 3 | 4 | 5 | 4 | 1.5
ID | COL1 | COL2 | COL3 | COL4 | 3*COL1/(COL2+2)
SELECT ID,3*COL1/(COL2+2) FROM EXP_TABLE WHERE 3*COL1/(COL2+2)+1/0 > 1;
ID | 3*COL1/(COL2+2)
SELECT * FROM EXP_TABLE WHERE 1/0 = 1/0;
ID | COL1 | COL2 | COL3 | COL4

2. EXPRESSION ABOUT MANY TABLES
CREATE TABLE EXP_TABLE2(ID INT, COL1 INT);
SUCCESS
INSERT INTO EXP_TABLE2 VALUES (1, 1);
SUCCESS
INSERT INTO EXP_TABLE2 VALUES (2, 3);
SUCCESS
SELECT EXP_TABLE.ID,3*EXP_TABLE2.COL1/(EXP_TABLE.COL2+2) FROM EXP_TABLE,EXP_TABLE2 WHERE 3*EXP_TABLE2.COL1/(EXP_TABLE.COL2+2)>1;
1 | 3
3 | 1.5
EXP_TABLE.ID | 3*EXP_TABLE2.COL1/(EXP_TABLE.COL2+2)
