INITIALIZATION
CREATE TABLE SSQ_1(ID INT, COL1 INT, FEAT1 FLOAT);
SUCCESS
CREATE TABLE SSQ_2(ID INT, COL2 INT, FEAT2 FLOAT);
SUCCESS
CREATE TABLE SSQ_3(ID INT, COL3 INT, FEAT3 FLOAT);
SUCCESS

INSERT INTO SSQ_1 VALUES (1, 4, 11.2);
SUCCESS
INSERT INTO SSQ_1 VALUES (2, 2, 12.0);
SUCCESS
INSERT INTO SSQ_1 VALUES (3, 3, 13.5);
SUCCESS
INSERT INTO SSQ_2 VALUES (1, 2, 13.0);
SUCCESS
INSERT INTO SSQ_2 VALUES (2, 7, 10.5);
SUCCESS
INSERT INTO SSQ_2 VALUES (5, 3, 12.6);
SUCCESS

1. SELECT
SELECT * FROM SSQ_1 WHERE ID IN (SELECT SSQ_2.ID FROM SSQ_2);
1 | 4 | 11.2
2 | 2 | 12
ID | COL1 | FEAT1
SELECT * FROM SSQ_1 WHERE COL1 NOT IN (SELECT SSQ_2.COL2 FROM SSQ_2);
1 | 4 | 11.2
ID | COL1 | FEAT1

SELECT * FROM SSQ_1 WHERE COL1 = (SELECT AVG(SSQ_2.COL2) FROM SSQ_2);
1 | 4 | 11.2
ID | COL1 | FEAT1
SELECT * FROM SSQ_1 WHERE (SELECT AVG(SSQ_2.COL2) FROM SSQ_2) = COL1;
1 | 4 | 11.2
ID | COL1 | FEAT1

SELECT * FROM SSQ_1 WHERE FEAT1 >= (SELECT MIN(SSQ_2.FEAT2) FROM SSQ_2);
1 | 4 | 11.2
2 | 2 | 12
3 | 3 | 13.5
ID | COL1 | FEAT1
SELECT * FROM SSQ_1 WHERE (SELECT MIN(SSQ_2.FEAT2) FROM SSQ_2) <= FEAT1;
1 | 4 | 11.2
2 | 2 | 12
3 | 3 | 13.5
ID | COL1 | FEAT1

SELECT * FROM SSQ_1 WHERE FEAT1 <= (SELECT MAX(SSQ_2.FEAT2) FROM SSQ_2);
1 | 4 | 11.2
2 | 2 | 12
ID | COL1 | FEAT1
SELECT * FROM SSQ_1 WHERE (SELECT MAX(SSQ_2.FEAT2) FROM SSQ_2) >= FEAT1;
1 | 4 | 11.2
2 | 2 | 12
ID | COL1 | FEAT1

SELECT * FROM SSQ_1 WHERE FEAT1 > (SELECT MIN(SSQ_2.FEAT2) FROM SSQ_2);
1 | 4 | 11.2
2 | 2 | 12
3 | 3 | 13.5
ID | COL1 | FEAT1
SELECT * FROM SSQ_1 WHERE (SELECT MIN(SSQ_2.FEAT2) FROM SSQ_2) < FEAT1;
1 | 4 | 11.2
2 | 2 | 12
3 | 3 | 13.5
ID | COL1 | FEAT1

SELECT * FROM SSQ_1 WHERE FEAT1 < (SELECT MAX(SSQ_2.FEAT2) FROM SSQ_2);
1 | 4 | 11.2
2 | 2 | 12
ID | COL1 | FEAT1
SELECT * FROM SSQ_1 WHERE (SELECT MAX(SSQ_2.FEAT2) FROM SSQ_2) > FEAT1;
1 | 4 | 11.2
2 | 2 | 12
ID | COL1 | FEAT1

SELECT * FROM SSQ_1 WHERE FEAT1 <> (SELECT AVG(SSQ_2.FEAT2) FROM SSQ_2);
1 | 4 | 11.2
2 | 2 | 12
3 | 3 | 13.5
ID | COL1 | FEAT1

2. SELECT WITH EMPTY TABLE
SELECT * FROM SSQ_1 WHERE FEAT1 < (SELECT MAX(SSQ_2.FEAT2) FROM SSQ_2 WHERE 1=0);
ID | COL1 | FEAT1
SELECT * FROM SSQ_1 WHERE ID IN (SELECT SSQ_2.ID FROM SSQ_2 WHERE 1=0);
ID | COL1 | FEAT1
SELECT * FROM SSQ_1 WHERE ID NOT IN (SELECT SSQ_2.ID FROM SSQ_2 WHERE 1=0);
1 | 4 | 11.2
2 | 2 | 12
3 | 3 | 13.5
ID | COL1 | FEAT1
SELECT * FROM SSQ_3 WHERE FEAT3 < (SELECT MAX(SSQ_2.FEAT2) FROM SSQ_2);
ID | COL3 | FEAT3
SELECT * FROM SSQ_3 WHERE ID IN (SELECT SSQ_2.ID FROM SSQ_2);
ID | COL3 | FEAT3
SELECT * FROM SSQ_3 WHERE ID NOT IN (SELECT SSQ_2.ID FROM SSQ_2);
ID | COL3 | FEAT3

3. ERROR
SELECT * FROM SSQ_1 WHERE COL1 = (SELECT SSQ_2.COL2 FROM SSQ_2);
FAILURE
SELECT * FROM SSQ_1 WHERE COL1 = (SELECT * FROM SSQ_2);
FAILURE
SELECT * FROM SSQ_1 WHERE COL1 IN (SELECT * FROM SSQ_2);
FAILURE
SELECT * FROM SSQ_1 WHERE COL1 NOT IN (SELECT * FROM SSQ_2);
FAILURE
