INITIALIZATION
CREATE TABLE SELECT_TABLES_1(ID INT, AGE INT, U_NAME CHAR);
SUCCESS
CREATE TABLE SELECT_TABLES_2(ID INT, AGE INT, U_NAME CHAR);
SUCCESS
CREATE TABLE SELECT_TABLES_3(ID INT, RES INT, U_NAME CHAR);
SUCCESS
CREATE TABLE SELECT_TABLES_4(ID INT, AGE INT, U_NAME CHAR);
SUCCESS
CREATE TABLE SELECT_TABLES_5(ID INT, RES INT, U_NAME CHAR);
SUCCESS

INSERT INTO SELECT_TABLES_1 VALUES (1,18,'A');
SUCCESS
INSERT INTO SELECT_TABLES_1 VALUES (2,15,'B');
SUCCESS
INSERT INTO SELECT_TABLES_2 VALUES (1,20,'A');
SUCCESS
INSERT INTO SELECT_TABLES_2 VALUES (2,21,'C');
SUCCESS
INSERT INTO SELECT_TABLES_3 VALUES (1,35,'A');
SUCCESS
INSERT INTO SELECT_TABLES_3 VALUES (2,37,'A');
SUCCESS

INSERT DATA INTO SELECT_TABLES_4 AND SELECT_TABLES_5
INSERT INTO SELECT_TABLES_4 VALUES (1, 2, 'A');
SUCCESS
INSERT INTO SELECT_TABLES_4 VALUES (1, 3, 'B');
SUCCESS
INSERT INTO SELECT_TABLES_4 VALUES (2, 2, 'C');
SUCCESS
INSERT INTO SELECT_TABLES_4 VALUES (2, 4, 'D');
SUCCESS
INSERT INTO SELECT_TABLES_5 VALUES (1, 10, 'G');
SUCCESS
INSERT INTO SELECT_TABLES_5 VALUES (1, 11, 'F');
SUCCESS
INSERT INTO SELECT_TABLES_5 VALUES (2, 12, 'C');
SUCCESS

1. MULTI-TABLE QUERY
SELECT * FROM SELECT_TABLES_1,SELECT_TABLES_2,SELECT_TABLES_3;
1 | 18 | A | 1 | 20 | A | 1 | 35 | A
1 | 18 | A | 1 | 20 | A | 2 | 37 | A
1 | 18 | A | 2 | 21 | C | 1 | 35 | A
1 | 18 | A | 2 | 21 | C | 2 | 37 | A
2 | 15 | B | 1 | 20 | A | 1 | 35 | A
2 | 15 | B | 1 | 20 | A | 2 | 37 | A
2 | 15 | B | 2 | 21 | C | 1 | 35 | A
2 | 15 | B | 2 | 21 | C | 2 | 37 | A
SELECT_TABLES_1.ID | SELECT_TABLES_1.AGE | SELECT_TABLES_1.U_NAME | SELECT_TABLES_2.ID | SELECT_TABLES_2.AGE | SELECT_TABLES_2.U_NAME | SELECT_TABLES_3.ID | SELECT_TABLES_3.RES | SELECT_TABLES_3.U_NAME
SELECT SELECT_TABLES_1.ID,SELECT_TABLES_2.U_NAME,SELECT_TABLES_3.RES FROM SELECT_TABLES_1,SELECT_TABLES_2,SELECT_TABLES_3;
1 | A | 35
1 | A | 37
1 | C | 35
1 | C | 37
2 | A | 35
2 | A | 37
2 | C | 35
2 | C | 37
SELECT_TABLES_1.ID | SELECT_TABLES_2.U_NAME | SELECT_TABLES_3.RES
SELECT SELECT_TABLES_1.RES FROM SELECT_TABLES_1,SELECT_TABLES_2,SELECT_TABLES_3;
FAILURE

2. CONDITIONAL QUERY
SELECT * FROM SELECT_TABLES_1,SELECT_TABLES_2,SELECT_TABLES_3 WHERE SELECT_TABLES_1.U_NAME=SELECT_TABLES_2.U_NAME AND SELECT_TABLES_2.U_NAME=SELECT_TABLES_3.U_NAME;
1 | 18 | A | 1 | 20 | A | 1 | 35 | A
1 | 18 | A | 1 | 20 | A | 2 | 37 | A
SELECT_TABLES_1.ID | SELECT_TABLES_1.AGE | SELECT_TABLES_1.U_NAME | SELECT_TABLES_2.ID | SELECT_TABLES_2.AGE | SELECT_TABLES_2.U_NAME | SELECT_TABLES_3.ID | SELECT_TABLES_3.RES | SELECT_TABLES_3.U_NAME
SELECT * FROM SELECT_TABLES_1,SELECT_TABLES_2,SELECT_TABLES_3 WHERE SELECT_TABLES_1.ID=SELECT_TABLES_2.ID AND SELECT_TABLES_3.RES=35;
1 | 18 | A | 1 | 20 | A | 1 | 35 | A
2 | 15 | B | 2 | 21 | C | 1 | 35 | A
SELECT_TABLES_1.ID | SELECT_TABLES_1.AGE | SELECT_TABLES_1.U_NAME | SELECT_TABLES_2.ID | SELECT_TABLES_2.AGE | SELECT_TABLES_2.U_NAME | SELECT_TABLES_3.ID | SELECT_TABLES_3.RES | SELECT_TABLES_3.U_NAME
SELECT * FROM SELECT_TABLES_1,SELECT_TABLES_2,SELECT_TABLES_3 WHERE SELECT_TABLES_1.AGE<18 AND SELECT_TABLES_2.U_NAME='C' AND SELECT_TABLES_3.RES=35 AND SELECT_TABLES_1.ID=SELECT_TABLES_2.ID AND SELECT_TABLES_2.ID=SELECT_TABLES_3.ID;
SELECT_TABLES_1.ID | SELECT_TABLES_1.AGE | SELECT_TABLES_1.U_NAME | SELECT_TABLES_2.ID | SELECT_TABLES_2.AGE | SELECT_TABLES_2.U_NAME | SELECT_TABLES_3.ID | SELECT_TABLES_3.RES | SELECT_TABLES_3.U_NAME
SELECT SELECT_TABLES_2.AGE FROM SELECT_TABLES_1,SELECT_TABLES_2 WHERE SELECT_TABLES_1.AGE<18 AND SELECT_TABLES_2.U_NAME='C' AND SELECT_TABLES_1.ID=SELECT_TABLES_2.ID;
21
SELECT_TABLES_2.AGE

3. DUPLICATE KEY QUERY
SELECT * FROM SELECT_TABLES_4, SELECT_TABLES_5 WHERE SELECT_TABLES_4.ID=SELECT_TABLES_5.ID;
1 | 2 | A | 1 | 10 | G
1 | 2 | A | 1 | 11 | F
1 | 3 | B | 1 | 10 | G
1 | 3 | B | 1 | 11 | F
2 | 2 | C | 2 | 12 | C
2 | 4 | D | 2 | 12 | C
SELECT_TABLES_4.ID | SELECT_TABLES_4.AGE | SELECT_TABLES_4.U_NAME | SELECT_TABLES_5.ID | SELECT_TABLES_5.RES | SELECT_TABLES_5.U_NAME
SELECT * FROM SELECT_TABLES_4, SELECT_TABLES_5 WHERE SELECT_TABLES_4.ID >= SELECT_TABLES_5.ID;
1 | 2 | A | 1 | 10 | G
1 | 2 | A | 1 | 11 | F
1 | 3 | B | 1 | 10 | G
1 | 3 | B | 1 | 11 | F
2 | 2 | C | 1 | 10 | G
2 | 2 | C | 1 | 11 | F
2 | 2 | C | 2 | 12 | C
2 | 4 | D | 1 | 10 | G
2 | 4 | D | 1 | 11 | F
2 | 4 | D | 2 | 12 | C
SELECT_TABLES_4.ID | SELECT_TABLES_4.AGE | SELECT_TABLES_4.U_NAME | SELECT_TABLES_5.ID | SELECT_TABLES_5.RES | SELECT_TABLES_5.U_NAME

4. JOIN EMPTY TABLE
CREATE TABLE SELECT_TABLES_6(ID INT, RES INT);
SUCCESS
SELECT SELECT_TABLES_1.ID,SELECT_TABLES_6.ID FROM SELECT_TABLES_1, SELECT_TABLES_6 WHERE SELECT_TABLES_1.ID=SELECT_TABLES_6.ID;
SELECT_TABLES_1.ID | SELECT_TABLES_6.ID
