1. CREATE TABLE
CREATE TABLE T_GROUP_BY (ID INT, SCORE FLOAT, NAME CHAR);
SUCCESS
CREATE TABLE T_GROUP_BY_2 (ID INT, AGE INT);
SUCCESS

2. INSERT RECORDS
INSERT INTO T_GROUP_BY VALUES(3, 1.0, 'A');
SUCCESS
INSERT INTO T_GROUP_BY VALUES(1, 2.0, 'B');
SUCCESS
INSERT INTO T_GROUP_BY VALUES(4, 3.0, 'C');
SUCCESS
INSERT INTO T_GROUP_BY VALUES(3, 2.0, 'C');
SUCCESS
INSERT INTO T_GROUP_BY VALUES(3, 4.0, 'C');
SUCCESS
INSERT INTO T_GROUP_BY VALUES(3, 3.0, 'D');
SUCCESS
INSERT INTO T_GROUP_BY VALUES(3, 2.0, 'F');
SUCCESS

INSERT INTO T_GROUP_BY_2 VALUES(1, 10);
SUCCESS
INSERT INTO T_GROUP_BY_2 VALUES(2, 20);
SUCCESS
INSERT INTO T_GROUP_BY_2 VALUES(3, 10);
SUCCESS
INSERT INTO T_GROUP_BY_2 VALUES(3, 20);
SUCCESS
INSERT INTO T_GROUP_BY_2 VALUES(3, 40);
SUCCESS
INSERT INTO T_GROUP_BY_2 VALUES(4, 20);
SUCCESS

3. PRIMARY GROUP BY
SELECT ID, AVG(SCORE) FROM T_GROUP_BY GROUP BY ID;
1 | 2
3 | 2.4
4 | 3
ID | AVG(SCORE)

SELECT NAME, MIN(ID), MAX(SCORE) FROM T_GROUP_BY GROUP BY NAME;
A | 3 | 1
B | 1 | 2
C | 3 | 4
D | 3 | 3
F | 3 | 2
NAME | MIN(ID) | MAX(SCORE)

SELECT ID, NAME, AVG(SCORE) FROM T_GROUP_BY GROUP BY ID, NAME;
1 | B | 2
3 | A | 1
3 | C | 3
3 | D | 3
3 | F | 2
4 | C | 3
ID | NAME | AVG(SCORE)

4. WITH WHERE CONDITION
SELECT ID, AVG(SCORE) FROM T_GROUP_BY WHERE ID>2 GROUP BY ID;
3 | 2.4
4 | 3
ID | AVG(SCORE)

SELECT NAME, COUNT(ID), MAX(SCORE) FROM T_GROUP_BY WHERE NAME > 'A' AND ID>=0 GROUP BY NAME;
B | 1 | 2
C | 3 | 4
D | 1 | 3
F | 1 | 2
NAME | COUNT(ID) | MAX(SCORE)

5. MULTI TABLE
SELECT T_GROUP_BY.ID, T_GROUP_BY.NAME, AVG(T_GROUP_BY.SCORE), AVG(T_GROUP_BY_2.AGE) FROM T_GROUP_BY, T_GROUP_BY_2 WHERE T_GROUP_BY.ID=T_GROUP_BY_2.ID GROUP BY T_GROUP_BY.ID, T_GROUP_BY.NAME;
1 | B | 2 | 10
3 | A | 1 | 23.33
3 | C | 3 | 23.33
3 | D | 3 | 23.33
3 | F | 2 | 23.33
4 | C | 3 | 20
T_GROUP_BY.ID | T_GROUP_BY.NAME | AVG(T_GROUP_BY.SCORE) | AVG(T_GROUP_BY_2.AGE)
