INITIALIZATION
CREATE TABLE AGGREGATION_FUNC(ID INT, NUM INT, PRICE FLOAT, ADDR CHAR, BIRTHDAY DATE);
SUCCESS

INSERT INTO AGGREGATION_FUNC VALUES (1, 18, 10.0, 'ABC', '2020-01-01');
SUCCESS
INSERT INTO AGGREGATION_FUNC VALUES (2, 15, 20.0, 'ABC', '2010-01-11');
SUCCESS
INSERT INTO AGGREGATION_FUNC VALUES (3, 12, 30.0, 'DEF', '2021-01-21');
SUCCESS
INSERT INTO AGGREGATION_FUNC VALUES (4, 15, 30.0, 'DEI', '2021-01-31');
SUCCESS

1. COUNT
SELECT COUNT(*) FROM AGGREGATION_FUNC;
COUNT(*)
4

SELECT COUNT(NUM) FROM AGGREGATION_FUNC;
COUNT(NUM)
4

2. MIN
SELECT MIN(NUM) FROM AGGREGATION_FUNC;
MIN(NUM)
12

SELECT MIN(PRICE) FROM AGGREGATION_FUNC;
MIN(PRICE)
10

SELECT MIN(ADDR) FROM AGGREGATION_FUNC;
MIN(ADDR)
ABC

3. MAX
SELECT MAX(NUM) FROM AGGREGATION_FUNC;
MAX(NUM)
18

SELECT MAX(PRICE) FROM AGGREGATION_FUNC;
MAX(PRICE)
30

SELECT MAX(ADDR) FROM AGGREGATION_FUNC;
MAX(ADDR)
DEI

4. AVG
SELECT AVG(NUM) FROM AGGREGATION_FUNC;
AVG(NUM)
15

SELECT AVG(PRICE) FROM AGGREGATION_FUNC;
AVG(PRICE)
22.5

5. ERROR WITH *
SELECT MIN(*) FROM AGGREGATION_FUNC;
FAILURE
SELECT MAX(*) FROM AGGREGATION_FUNC;
FAILURE
SELECT AVG(*) FROM AGGREGATION_FUNC;
FAILURE

6. ERROR WITH REDUNDANT COLUMNS
SELECT COUNT(*,NUM) FROM AGGREGATION_FUNC;
FAILURE
SELECT MIN(NUM,PRICE) FROM AGGREGATION_FUNC;
FAILURE
SELECT MAX(NUM,PRICE) FROM AGGREGATION_FUNC;
FAILURE
SELECT AVG(NUM,PRICE) FROM AGGREGATION_FUNC;
FAILURE

7. ERROR WITH EMPTY COLUMNS
SELECT COUNT() FROM AGGREGATION_FUNC;
FAILURE
SELECT MIN() FROM AGGREGATION_FUNC;
FAILURE
SELECT MAX() FROM AGGREGATION_FUNC;
FAILURE
SELECT AVG() FROM AGGREGATION_FUNC;
FAILURE

8. ERROR WITH NON-EXISTENT COLUMNS
SELECT COUNT(ID2) FROM AGGREGATION_FUNC;
FAILURE
SELECT MIN(ID2) FROM AGGREGATION_FUNC;
FAILURE
SELECT MAX(ID2) FROM AGGREGATION_FUNC;
FAILURE
SELECT AVG(ID2) FROM AGGREGATION_FUNC;
FAILURE

9. SELECT MANY AGGREGATION
SELECT MIN(NUM),MAX(NUM),AVG(NUM) FROM AGGREGATION_FUNC;
MIN(NUM) | MAX(NUM) | AVG(NUM)
12 | 18 | 15
