INITIALIZATION
CREATE TABLE SELECT_META(ID INT, AGE INT);
SUCCESS

1. SELECT FROM A NON-EXISTENT TABLE
SELECT * FROM NO_TABLE;
FAILURE

2. SELECT FROM A NON-EXISTENT COLUMN
SELECT HOME FROM SELECT_META;
FAILURE
SELECT * FROM SELECT_META WHERE HOME='001';
FAILURE
